,JobId,job_descriptions,job links,job titles,Posted By
0,0,"The Lahore University of Management Sciences (LUMS), established in 1985, is one of the largest universities in Pakistan. It offers undergraduate, graduate and post-graduate programmes through its five schools: Suleman Dawood School of Business, Mushtaq Ahmad Gurmani School of Humanities and Social Sciences, Syed Babar Ali School of Science and Engineering, Shaikh Ahmad Hassan School of Law and the School of Education.Job description: Position Purpose:

To facilitate the ""Lab Engineer"" in order to conduct labs, maintain equipment and to operate lab machines.

Key Accountabilities
Lab Technician will work in close collaboration with the Lab Engineer and Lab Facilitator.
Provide support to faculty and students for conducting the laboratory exercises.
Routine operation, troubleshooting, and maintenance of laboratory equipment.
Maintain the mini Lab store of the Lab and replenish its consumables from the main EE Store as and when required.
Keep the record of` Lab In and Out on a daily basis and inform the Lab Engineer if something is to be issued for more than a day and has to be taken out of the Lab.
Consult the Lab consumables with Lab Engineer and Faculty that might be required in next semester experiments. And inform the Lab Facilitator as well.
Assist the Lab Engineer in inspecting new Lab Equipment.
Demonstrate best professional practices in order to complete the above mentioned duties.
Knowledge And Skills
MS Office (Word/ Excel/ Powepoint)
Knowledge of Proteus
Software Installation (MATLAB, Proteus, Solid Works, E-Tap etc)
PCB Fabrication Knowledge
To Qualify For The Role, You Must Have
Diploma of Associate Engineer (DAE) in Electronics from a reputed institute
At least 1-2 year's of experience in a similar role is required
If you believe that you meet the essential criteria mentioned above, please apply through our recruitment portal. Only qualified candidates will move ahead in the application process.",https://www.linkedin.com/jobs/view/3099899434/?eBP=JOB_SEARCH_ORGANIC&recommendedFlavor=JOB_SEEKER_QUALIFIED&refId=3jOhlHoe74bKS3bYyY3%2FLw%3D%3D&trackingId=SCJLouS5jegjUaAJwQn1dQ%3D%3D&trk=flagship3_search_srp_jobs,Lab Technician - Department of Electrical Engineering,Lahore University of Management Sciences
1,1,"Overview

Arkhitech is seeking talented fresh Software Engineers, graduating in 2021, that enjoy building advanced internet applications, and designing great APIs. To qualify for the interview, you MUST have either 3.5+ GPA, OR highly sophisticated and professionally developed FYP, OR demonstration of sophisticated software engineering expertise and application outside of classroom, OR have datastructures, algorithms, and design patterns on your fingertips.

Major Duties & Responsibilities
Cultivating engineering best practices within the engineering group, and, in conjunction with senior engineers, company wide.
Collaborating with technical leaders to analyze complex feature requests and suggest implementation strategies.
Estimate the time required to complete the work and provide quotes.
Performing moderately complex product design, systems analysis and programming activities requiring research.
Conducting unit testing (including mocking as needed) and integration testing on software.
Adhering to Arkhitech's policies, standards and procedures in the performance of job duties.
Other duties as assigned.
Qualifications
Minimum Bachelor's or Master's degree in Computer Science ONLY. Electrical Engineering, Computer Engineering, and Telecommunication Engineering degrees do not qualify.
Strong grasp over fundamental computer science concepts such as data structures, algorithms, time complexities, OOP, and MVC.
Exposure to Agile development process and engineering best practices like continuous integration and unit testing is highly prefered.
Excellent technical judgement to know when to use an off the shelf solution, and when to make a custome one.
Good verbal and written communication and presentation skills.
High energy level with strong motivation to meet delivery deadlines.
Key Benefits
Competitive salaries
Daily catered lunches
Accelerated career growth!",https://www.linkedin.com/jobs/view/3090715971/?eBP=JOB_SEARCH_ORGANIC&refId=3jOhlHoe74bKS3bYyY3%2FLw%3D%3D&trackingId=B%2FabtzLTBnn%2F89IzDDDudQ%3D%3D&trk=flagship3_search_srp_jobs,Software Engineer - Fresh - 2022,Arkhitech
2,2,"PackageX is modernizing the way logistics is done.

We believe logistics shouldn't be a black box. PackageX helps businesses to stop flying blind and relying on point solutions and outdated logistics systems that don't talk to each other. PackageX lets customers gain control of their logistics operations across shipping, tracking, storage, delivery, and receiving on a unified platform to improve efficiency, sky-rocket growth, and meet fast-changing end-customer expectations.

We're a seedstage tech startup based in New York City with a distributed global team. We’re backed by Sierra Ventures, Ludlow Ventures, MXV Capital, Pareto Holdings, and other strategic investors and angels.

We're always looking for talented humans who want to challenge the status quo and join us on the journey in building the future of logistics alongside us.

What we are looking for

We’re looking for passionate data scientists to come work alongside us to take on some of the most interesting and impact-full problems. Data Scientists have strong analytical skills, great attention to detail, and excellent programming ability. You should be observant enough to see how we can leverage Data to solve client pain-points. You will coordinate with other professionals in order to develop effective systems, so they need to have the ability to work as part of a team and demonstrate strong oral communication skills. A strong mathematical/language background and problem-solving skills are a must. Written skills are required so that the results can be conveyed to the client.

You will
Understand our clients’ proprietary data and external data sources, gather data and automate data pipelines.
Be an out-of-the-box thinker who is passionate about brainstorming innovative ways to use our unique data to answer business problems
Design, develop, implement, validate, deploy and maintain advanced predictive models using advanced data mining, machine learning and deep learning techniques.
Develop metrics and dashboards to measure and track the value of the solutions
Meet the coding style and standards requirements in python Pep 8, Flake 8 etc
Collaborate with people from different backgrounds to formulate innovative solutions to experiment and implement advanced data mining techniques.
Communicate complex concepts and the results of the analyses in a clear and effective manner to senior management.

We are looking for someone who has
Bachelors in computer science, electrical engineering or any related fields (statistics, applied math) with at least 1+ years of experience
Deep technical understanding of advanced areas of machine learning, deep learning and data mining.
Strong understanding of at least one area of deep learning i.e. Computer Vision, Sequence Modelling etc.
Strong computer science fundamentals in algorithms and data structures.
Fluency in Python stack for data processing, visualization and modeling (Numpy, Pandas, OpenCV,
Scikit_Learn, Keras, Tensorflow, Pytorch, NLTK, Theon, Matplotlib/Seaborn)
Fluency in at least one of the following deep learning frameworks Tensorflow/Pytorch/Keras.
Excellent understanding of databases and proficiency in either SQL/NoSQL
Understanding of Linux environment and deployment on cloud is required.
Excellent communication skills.
Ability to read and implement research is required.
Participation & a good position in Kaggle Competitions would be a big plus.
Understanding of Agile methodology and Scrum.

Why choose us

We are a global team of hustlers who challenge status-quo to build something great and meaningful for the customers we serve. We strongly believe that our product innovation, speed to service/support, and partnership mindset sets us apart from the fragmented competition and available legacy systems. Our leadership, advisors, and investors have extensive experience in building, supporting, and scaling tech companies in logistics, retail, CRM, media, and consulting. We have got all it takes to build an enterprise of the future.

We are an equal opportunity employer, and we value diversity. We do not discriminate based on race, religion, color, national origin, gender, sexual orientation, age, marital status, veteran status, disability status, or any other legally protected status.",https://www.linkedin.com/jobs/view/3058334323/?eBP=JOB_SEARCH_ORGANIC&refId=3jOhlHoe74bKS3bYyY3%2FLw%3D%3D&trackingId=6dm5%2BPK1hWOlBvrRTUoaDA%3D%3D&trk=flagship3_search_srp_jobs,Junior Data Scientist,PackageX
3,3,"Overview

Arkhitech is seeking talented fresh Software Engineers, graduating in 2021/2022, that enjoy building advanced internet applications, and designing great APIs. To qualify for the interview, you MUST have either 3.5+ GPA, OR highly sophisticated and professionally developed FYP, OR demonstration of sophisticated software engineering expertise and application outside of classroom, OR have datastructures, algorithms, and design patterns on your fingertips.

Major Duties & Responsibilities
Cultivating engineering best practices within the engineering group, and, in conjunction with senior engineers, company wide.
Collaborating with technical leaders to analyze complex feature requests and suggest implementation strategies.
Estimate the time required to complete the work and provide quotes.
Performing moderately complex product design, systems analysis and programming activities requiring research.
Conducting unit testing (including mocking as needed) and integration testing on software.
Adhering to Arkhitech's policies, standards and procedures in the performance of job duties.
Other duties as assigned.
Qualifications
Minimum Bachelor's or Master's degree in Computer Science ONLY. Electrical Engineering, Computer Engineering, and Telecommunication Engineering degrees do not qualify.
Strong grasp over fundamental computer science concepts such as data structures, algorithms, time complexities, OOP, and MVC.
Exposure to Agile development process and engineering best practices like continuous integration and unit testing is highly prefered.
Excellent technical judgement to know when to use an off the shelf solution, and when to make a custome one.
Good verbal and written communication and presentation skills.
High energy level with strong motivation to meet delivery deadlines.
Key Benefits
Competitive salaries
Daily catered lunches
Accelerated career growth!",https://www.linkedin.com/jobs/view/3099429108/?eBP=JOB_SEARCH_ORGANIC&refId=3jOhlHoe74bKS3bYyY3%2FLw%3D%3D&trackingId=Lg9piIKevCgxvPGuEQe3gQ%3D%3D&trk=flagship3_search_srp_jobs,Software Engineer - Fresh - 2022,Arkhitech
4,4,"Know about Our Team and Your Role!

We are looking for an Embedded Software Engineer (Product Consultant) specialized in AUTOSAR Embedded Development/Integration to join our Global Siemens' Integrated Electrical Systems (IES) Software Services team. This is a group of talented engineers working at the forefront of next generation platform engineering related solutions. The role involves working alongside customers to specify, implement and deploy AUTOSAR based integrated solutions, ensuring a successful outcome by leveraging the strengths of our broad IES product portfolio.

The main responsibilities include:

Based on Siemens AUTOSAR product, design and develop Embedded Software Components; and perform ECU Integration Activities
Perform AUTOSAR Configuration and Integration based on Customer ECU Project requirements
Provide technical assistance to customers including problem solving
Integrate customers' applications on top of Siemens Solutions
Manage customers' interactions including phone calls, team meetings, email communications and face to face meetings
Continuously improve the experience for our customers through Service improvement initiatives
Participate in creating and promoting best practices in your area of expertise
Are You a Super-Mind? Apply Today!

We're looking for candidates with:

Bachelor’s degree in Computer Engineering, Electrical Engineering or any related technical field
4+ years’ of experience in Embedded Software and Automotive
C/C++ development experience is a must
Hands-on experience working with AUTOSAR
Knowledge in software design process and development life cycle
Ability to travel occasionally to customer locations
Highly developed interpersonal skills, including the ability to present ideas and share your knowledge with all.
We are an equal opportunity employer and value diversity at our company. We do not discriminate on the basis of race, religion, color, national origin, sex, gender, age, marital status, or disability status.

At Siemens, we are always challenging ourselves to build a better future. We need the most innovative and diverse Digital Minds to develop tomorrow‘s reality. Find out more about the Digital world of Siemens here: www.siemens.com/careers/digitalminds

Organization: Digital Industries

Company: Siemens Industry Software (Private) Limited

Experience Level: Early Professional

Job Type: Full-time",https://www.linkedin.com/jobs/view/3084434280/?eBP=JOB_SEARCH_ORGANIC&recommendedFlavor=SCHOOL_RECRUIT&refId=3jOhlHoe74bKS3bYyY3%2FLw%3D%3D&trackingId=j0K%2BnT6VjigviQx2VFnS5Q%3D%3D&trk=flagship3_search_srp_jobs,Product Consultant,Siemens
5,5,"Know about Our Team and Your Role!

We are looking for an Embedded Software Engineer (Product Consultant) specialized in AUTOSAR Embedded Development/Integration to join our Global Siemens' Integrated Electrical Systems (IES) Software Services team. This is a group of talented engineers working at the forefront of next generation platform engineering related solutions. The role involves working alongside customers to specify, implement and deploy AUTOSAR based integrated solutions, ensuring a successful outcome by leveraging the strengths of our broad IES product portfolio.

The main responsibilities include{{:}}

Based on Siemens AUTOSAR product, design and develop Embedded Software Components; and perform ECU Integration Activities
Perform AUTOSAR Configuration and Integration based on Customer ECU Project requirements
Provide technical assistance to customers including problem solving
Integrate customers' applications on top of Siemens Solutions
Manage customers' interactions including phone calls, team meetings, email communications and face to face meetings
Continuously improve the experience for our customers through Service improvement initiatives
Participate in creating and promoting best practices in your area of expertise
Are You a Super-Mind? Apply Today!

We're looking for candidates with{{:}}

Bachelor’s degree in Computer Engineering, Electrical Engineering or any related technical field
4+ years’ of experience in Embedded Software and Automotive
C/C++ development experience is a must
Hands-on experience working with AUTOSAR
Knowledge in software design process and development life cycle
Ability to travel occasionally to customer locations
Highly developed interpersonal skills, including the ability to present ideas and share your knowledge with all.

We are an equal opportunity employer and value diversity at our company. We do not discriminate on the basis of race, religion, color, national origin, sex, gender, age, marital status, or disability status.

At Siemens, we are always challenging ourselves to build a better future. We need the most innovative and diverse Digital Minds to develop tomorrow‘s reality. Find out more about the Digital world of Siemens here{{:}} www.siemens.com/careers/digitalminds

Organization{{:}} Digital Industries

Company{{:}} Siemens Industry Software (Private) Limited

Experience Level{{:}} Early Professional

Job Type{{:}} Full-time",https://www.linkedin.com/jobs/view/3084721296/?eBP=JOB_SEARCH_ORGANIC&recommendedFlavor=SCHOOL_RECRUIT&refId=3jOhlHoe74bKS3bYyY3%2FLw%3D%3D&trackingId=cNqDVepAAN1591lUWG7kHg%3D%3D&trk=flagship3_search_srp_jobs,Product Consultant,Siemens Digital Industries Software
6,6,"Division

Outdoor Power Equipment- OPE is a group within Constellation Dealership. It is recognized as the leader in business management software for Outdoor Power Equipment dealers. Constellation Dealership provides a suite of market-leading software products designed specifically for dealerships. Over 2,000 dealerships across North America, the United Kingdom, Ireland, and Africa, rely on one of our products to make their dealership more successful. We are a wholly owned subsidiary of Constellation Software Inc. Constellation Software is a leading provider of software and services to a select group of public and private sector markets. Constellation manages and builds industry-specific software businesses which provide specialized, mission-critical software solutions that address the needs of our customers.

Position Summary

The role of the Mobile Application Developer is to be a valued contributor on the OPE team mobile apps for Target, a next generation CRM application. Daily responsibilities include but are not limited to codes, tests, debugs, implements, and documents mobile applications for OPE. Emphasis in this role is on learning and growth, with a focus on quality and best practices.

The chosen candidate will work out of the Contour Software Lahore resource center office, as an extension of the division-based R&D department.

Responsibilities
Analyze requirements and architect mobile solutions
Create UI using Xamarin
Unit test code for robustness, including edge cases, usability, and general reliability
Diagnose and fix bugs and performance issues
Continuously discover, evaluate, and implement new technologies to maximize development efficiency
Required Skills
3 - 5 years of experience in software design / development using C#
Experience in developing Mobile UI applications on Xamarin
Good knowledge of Computer Science concepts including software design architectures, design patterns, data structures, algorithms, multithreading and databases in general.
Bachelor's or master's degree in computer engineering, mathematics, electrical engineering or related fields.
Nice To Have / Desired Skills
Experience in using a distributed source code repository such as Git
Proficient with Kotlin or Swift
Proficient with the Android SDK and the Android application lifecycle
Proficient with the iOS SDK and the iOS application lifecycle
Experience working with remote data via REST and JSON
Solid understanding of the full mobile development lifecycle
Exciting Benefits we offer:
Market-leading Salary
Medical Coverage - Self & Dependents
Parents Medical Coverage
Provident Fund
Employee Performance-based bonuses
Home Internet Subsidy
Conveyance Allowance
Profit Sharing Plan [Tenured Employees Only]
Life Benefit
Child Care Facility
Company Provided Lunch/Dinner
Professional Development Budget
Recreational area for in-house games
Sporadic On-shore training opportunities
Friendly work environment
Leave Encashment",https://www.linkedin.com/jobs/view/3068138477/?eBP=JOB_SEARCH_ORGANIC&recommendedFlavor=SCHOOL_RECRUIT&refId=3jOhlHoe74bKS3bYyY3%2FLw%3D%3D&trackingId=GlIx0BEQ4Q9nGRpziEyBoQ%3D%3D&trk=flagship3_search_srp_jobs,Mobile Developer,Contour Software
7,7,"Lead the ERP & EAM Integration of IIOT enabled CMMS
Responsible for the research on and functional design of IIOT & MES applications
Partner with multidisciplinary teams to solve challenging problems
Meet timelines & goals in a cross-functional environment

Requirements:

Able to work in a highly agile environment
Hands-on experience with MES, EAM, or ERP systems
Problem-solving & analytical skills
Fluent in Python & SQL
Operational sense of SQL and NoSQL databases & Business Intelligence
Familiarity with IIOT domain is preferred but not mandatory
Minimum 2-3 years full-time industrial experience
Electrical or Mechanical Engineering Degree
Fulbright Scholar Preferred",https://www.linkedin.com/jobs/view/3064421895/?eBP=JOB_SEARCH_ORGANIC&recommendedFlavor=SCHOOL_RECRUIT&refId=3jOhlHoe74bKS3bYyY3%2FLw%3D%3D&trackingId=IbPNgkvgzVVKJkXIfOZ30Q%3D%3D&trk=flagship3_search_srp_jobs,R&D Engineer,INTECH Process Automation
8,8,"Xgrid Python Developers are skilled and talented professionals, who can design, develop, and test breakthrough software for clouds and data centers. You will enjoy being part of an extremely talented, motivated team interacting with both business and development counterparts to capture key marketing requirements and translate them to products designed for our customers.

Moreover, you will be encouraged to become active in the open source communities. This will provide you a unique exposure of the entire ecosystem (involving technology, community, customers and partners) in the cutting-edge data center and cloud space.

Roles & Responsibilities
Use knowledge of software development and product feature integration in order to architect end-to-end solutions for our customers.
Be involved in active discussions on open source community forums, code reviews, and proposing, implementing, and testing blueprints to design production-grade solutions for our customers.
Have the ability to lead the entire feature lifecycle (from the design to the delivery
phases) of applications and products. This includes: ○ Ability to define and review architecture, implementation and test specifications to ensure that the product architecture continues to meet high levels of scalability, resilience and fault-tolerance ○ Ability to execute the implementation specs with a team of engineers and demonstrate knowledge of coding modules; ○ Ability to drive the integration and automated testing efforts (at unit, functional and scale granularities) to ensure that the product meets the requisite production quality metrics.
Demonstrate product designs using documents, flowcharts, layouts, and diagrams.
Investigate and analyze software issues
Follow software development lifecycle processes
Share team leadership responsibilities, including: Mentoring, coordinating activities, improving qualification processes, inspiring and motivating others, working as a promoter of new ideas and technology solutions in virtualization, networking and cloud space.
Required Skills
BS in Computer Science / Electrical Engineering or similar
Proficient in Python (2.7 & 3.x)
Worked with git, mercurial, SVN, Jenkins and JIRA, etc.
Strong in Design Patterns and OOP concepts.
Understanding of the threading limitations of Python, and multi-process architecture
Familiarity with event-driven programming in Python
Knowledge of user authentication and authorization between multiple systems, servers, and environments.
Familiarity with application and security compliance and OAuth 2.0 will be a huge plus
Strong knowledge in modern application design and architecture development.
Understanding of fundamental design principles behind a scalable application
Advance knowledge of System Development Life Cycle.
Experienced with RESTful JSON API's.
Knowledge of Relational Database Management Systems (RDBMS), knowledge
of MySQL is a plus.",https://www.linkedin.com/jobs/view/3046596698/?eBP=JOB_SEARCH_ORGANIC&refId=3jOhlHoe74bKS3bYyY3%2FLw%3D%3D&trackingId=lOQVoQ7HDaJqyEp7BeNicg%3D%3D&trk=flagship3_search_srp_jobs,Python Developer,Xgrid.co
9,9,"Our employees are our company's greatest asset - they are our real competitive advantage. We possesse immense power of innovation, immagination and a desire to attract and retain the best; provide them with encouragement, stimulus, and make them feel that they are an integral part of the company's mission.

Purpose

Deputy General Manager Data Scientist is an exciting role in the Data Science team within Data Analytics and Process Improvement department. This position is responsible to build state of the art machine learning algorithms, maximizing the impact of distribution solutions in driving enterprise performance benefiting from existing landscape including MDMS, SAP, GIS and legacy systems. Typical initiatives include optimizing network KPIs, accurately forecasting customer demand, using Natural Language Processing (NLP) to glean insight on consumer trends from search data, and making individual assortment recommendations for each of the assets currently part of KE distribution network. The role will work closely with a P&E functional leads such as AMI and GIS along with business stakeholders, addressing both large transformation programs and near-term business problems.

Additionally, this resource is a subject matter expert of data integration solutions and data architecture with strong functional and business knowledge to facilitate and empower distribution function in increasing 11 kV network efficiency and process digitization across KE wide distribution function.

The said position will provide leadership for the Data Science team and will be responsible for providing direction, mentorship, and guidance to a team of data scientists and engineers to guarantee their professional and technical development, as well as to foster continuous improvement of the team’s code, architecture, and agile processes. The position will be contributing towards company’s objective of reliable and safe power supply by overseeing the development of predictive models and shift from reactive to proactive, informed and result-oriented network investments.

Education

Minimum 9-10 years of experience in Business / Domain knowledge, Data Integrators technology landscape with implementation background of utilities and electrical equipment.

Minimum of B.S. in a relevant technical field (e.g. Computer Science, Engineering, Statistics, Operations Research); preferably a postgraduate (Masters or Doctorate) degree

At least 7-8 years building data science solutions to solve business problems, preferably in the Utility industry (less experience may be acceptable if balanced by strong post-grad qualifications)

Experience deploying solutions in a modern cloud-based architecture

Experience managing the work of team members and 3rd party resource vendors

Experience presenting insights and influencing decisions of senior non-technical stakeholders

Knowledge

Business / Domain knowledge
Smart Metering
Utility Billing
Outage management
Asset hierarchy and database management
Maintenance regime
Network Planning & budgeting
Technical processes & workflows
Material procurement and consumption cycle
o
Technical knowledge
Machine learning Expert
Statistical modelling Expert
Forecasting Expert
Optimization techniques and tools
Deep learning (and applications to NLP & Computer Vision)
Automated Machine Learning platforms
Machine Learning techniques & algorithms including
 K-NN

 Naïve Bayes

 SVM

 Decision forecasts
Familiar with data science toolkits including R, Weka, Numpy
Experience

Minimum 9-10 years of experience in Business / Domain knowledge, Data Integrators technology landscape with implementation background of utilities and electrical equipment.

Minimum of B.S. in a relevant technical field (e.g. Computer Science, Engineering, Statistics, Operations Research); preferably a postgraduate (Masters or Doctorate) degree

At least 7-8 years building data science solutions to solve business problems, preferably in the Utility industry (less experience may be acceptable if balanced by strong post-grad qualifications)

Experience deploying solutions in a modern cloud-based architecture

Experience managing the work of team members and 3rd party resource vendors

Experience presenting insights and influencing decisions of senior non-technical stakeholders

Competencies

Area Of Responsibilities

1 Predictive and AI modeling (30%)

 Lead the development of complex data sets and predictive models to support key decisions to improve safety and operational efficiency of the 11kv distribution network and assets including transformers, main cables, switch gear etc through implementation of data science and machine learning on datasets maintained in KE systems.

 Lead the development, maintenance and improvisation of Machine Learning and AI models and communicate the results to leadership to demonstrate the value created through the deployment of such models.

2 Business Warehouse rollout in light of network KPIs (30%)

 Device framework to support technology projects in light of departmental goals through consolidation of data in business warehouse, hence creation of data points through creation of new data points along with enhancement of existing data points.

 Smart meters analytics to gain insights on billable, non-billable and loss streams.

 HT comparison with LT to deep dive and investigate problematic areas using slice and dice functionality.

 Facilitate network planning and other business functions through availability of data points by integrating OMS with different SAP modules and GIS.

 Real time fault intimation to minimize losses and maximize customer service through integrating ADMS Scada with SAP BW.

3 Stakeholders and Leadership engagement (15%)

 Collaborate with cross-functional stakeholders including distribution operations, network engineering and performance improvement teams, to complete end-to-end Machine Learning analyses that include business requirements, data gathering, analysis, scalable solutions, and presentations by conducting user sessions.

 Oversee and deliver insightful presentations and actionable recommendations. Educate leaders and other employees on complex analytical findings in basic terms with storytelling and data visualization through periodic user trainings.

Area of Responsibility Continued

4 Evaluation and Improvement of ML methodologies (15%)

 Identify and evaluate technologies and provide strategic inputs to advance the Machine Learning analytics capabilities in context of the 11kV distribution network and related assets through vendor and consultants coordination and projects.

 Compare the findings from the evaluation with industry best practice and develop a plan to adopt within distribution by mapping use cases and engaging vendors for KE requirements

 Implement new mathematical, machine learning, or other methodologies for modeling or analyses through existing data availability in SAP BW.

5 Industry – Academia Collaboration (10%)

 Coordination with academia to explore ML and AI use cases within KE’s distribution network for betterment and longevity of asset life by engaging final year students and subject matter experts.

 Coordination with technology consultants for latest ML and AI applications in the distribution network domain and use case exploration in KE’s distribution network by analyzing state of the art tools.

KE provides equal employment opportunity (EEO) to all persons regardless of age, color, origin, physical or mental disability, race, religion, creed, gender, marital status, status with regard to public assistance or any other characteristic protected by federal, state or local laws.",https://www.linkedin.com/jobs/view/3098309526/?eBP=JOB_SEARCH_ORGANIC&recommendedFlavor=SCHOOL_RECRUIT&refId=3jOhlHoe74bKS3bYyY3%2FLw%3D%3D&trackingId=51iR4ITQp5cwxBqpTK9MaA%3D%3D&trk=flagship3_search_srp_jobs,DGM Data Science & Technical Lead,K-Electric
10,10,"Posted by
Rana Adil Rathore
BDM | Project Manager | Talent Acquisition | at StackIntel.io
Send InMail
Job Summary:

Stack Intel a team of enthusiasts, self-motivated technocrats. Working on cutting-edge technologies – building Cloud Native Solutions for Startups to Fortune 500 Companies. We develop compelling, disruptive and captivating Cloud-Native Software Solutions with Integrity, Creativity, Innovation and Strategy in collaboration with industry-leading companies and highly-motivated startups – “To make the world a better place”.

We are looking for a Fullstack Web Developer to join our Technical team and enrich our products with new features and marketing copy. The immediate need is for a Fullstack Developer who has experience in some of these technologies, i.e React, Node, MySQL, Firebase, MongoDB, but the possibilities are endless.

Location: PIA Road, near Wapda Town, Lhr
Timings: 9 am - 6 pm
Experiences: 2 - 4 years

Job Responsibilities
- Develop full stack on modern frameworks with clean and self-documenting code
- Ability to work alone in a project or lead a small team
- Work on existing projects, understand codebase by yourself and develop new features
- Providing innovative software development services that delight our clients
- Attend daily stand-up meetings to provide updates on project status
- Stay up to date on the latest trends in software development
- Abilities from requirements gathering to successful deployment
- Documentation skills - good command of the English language

Required Skills & Qualification
- Bachelor's degree in Computer Sciences, Software/Electrical Engineering, or related field
- Full-stack development experience in JS with solid OOP concepts
- Experience with Frontend technologies, i.e Bootstrap or React, HTML, CSS, JS, jQuery, and AJAX
- Strong concepts of Redux, Redux-Saga and AntD
- Experience with Backend and MVC Frameworks Node JS (Express)
- Track record of successful web application development using JavaScript and jQuery
- Strong Database concepts in MySQL (i.e. Schema, Indexing, Stored Procedures, Modeling)
- Experience with building, and consuming Web Services (REST, JSON, XML, GraphQL, SOAP)
- Understanding of deployments, DevOps, Cpanel, FTP, Git commits, and CI/CD Pipelines

Good to have:
- Technical leadership qualities - can handle multiple projects concurrently
- Experience with databases and data modeling and Document DB (MongoDB, Firebase)
- Understanding of Design Patterns, Code Smells, and good Refactoring practices
- Experience with using a Version Control Software (ie: Github, Bitbucket, SourceTree)",https://www.linkedin.com/jobs/view/3093593870/?eBP=JOB_SEARCH_ORGANIC&recommendedFlavor=SCHOOL_RECRUIT&refId=3jOhlHoe74bKS3bYyY3%2FLw%3D%3D&trackingId=YWIWFq5hcFnFJCAYMgw%2BhQ%3D%3D&trk=flagship3_search_srp_jobs,Sr. MERN Stack Developer,Stack Intel .IO
11,11,"Posted by
Sameer Razaq
u-blox
Send InMail
You will join a team of highly experienced Software Engineers developing wireless protocol stack software for modems using the latest cellular technologies. The role involves architecting, designing, implementing and testing real time embedded software components. The job offers an opportunity to do highly challenging, interesting work in a global R&D team developing complex cellular products, and provides excellent compensation & benefits with a good career path.

Your Responsibilities
Develop cellular protocol software for modems using embedded real-time C/C++.
Create detailed technical documentation for developed functional blocks or features.
Implement new features according to requirement specification and project plan.
Work on cellular requirement specifications, design, test plans and documentation.
Assist in the definition and verification phase of associated software functionality.
Analyze feedback or nonconformities, provide workarounds or develop bug fixes.
Maintain coding guidelines and quality standards.
Mentor junior engineers and assist & train other team members.
Regularly report to a manager.

Your Skills & Experience:
BSc/MSc degree in electrical engineering, computer science, electronics.
Demonstrate strong interest in the digital (wireless) communications sector.
3-5 years’ experience in C/C++ embedded programing.
Real-time operating systems.
Programming languages and tools: C, C++, Perl, Python.
Some familiarity with development tools such as compilers, debuggers, specifically ARM based.
Ideally some knowledge of 3GPP mobile communication standards of Layer3.
Experience of the software development lifecycle.
Good analytical and problem-solving skills.
Good verbal and written communication skills.",https://www.linkedin.com/jobs/view/3064774152/?eBP=JOB_SEARCH_ORGANIC&recommendedFlavor=SCHOOL_RECRUIT&refId=3jOhlHoe74bKS3bYyY3%2FLw%3D%3D&trackingId=RcZdQvMj6p3D2zq9Ww8oJw%3D%3D&trk=flagship3_search_srp_jobs,Specialist Engineer Protocol Stack,u-blox
12,12,"WHO ARE WE?

Afiniti is the world’s leading applied artificial intelligence and advanced analytics provider. Afiniti Enterprise Behavioural Pairing™ uses artificial intelligence to identify subtle and valuable patterns of human interaction in order to pair individuals on the basis of behaviour, leading to more successful interactions and measurable increases in enterprise profitability. Afiniti operates throughout the world, and has measurably driven billions of dollars in incremental value for our clients.

High-level Role Description

Client Data Services is a department within the Applied AI organization. We are responsible for scoping and discovering the relevant data sources needed to run and maximize the outcome of Afiniti products, specially EBP. We are also in charge of doing relevant analysis for the clients and we act as a client data partner to maximize the value that we bring to our customers.

We are looking for an Analyst (II) to join one of the accounts in the UK with the biggest expansion. The individual (She/he) will work on a daily basis with the Senior CDS Manager who will lead his/her own priorities and supervise his/her work.

Key Responsibilities
Responsible for creating all reports that are the input for relevant client meetings (Monthly/Quarterly} Business Reviews.
Responsible for creating and reconciling the invoice of the account on a monthly basis.
Analysis of performance issues, the individual should be able to manipulate data to draw conclusions and recommend actions.
Help automate any existing manual processes.
Support Senior Account Data Manager in investigating data issues and help resolve them with other teams.
Help Senior Account Data Manager to prepare the relevant documents to go through internal delivery gates (Scope, Design,cutover, etc)
Help Senior Account Data Manager with the explorations of new data sources and discoveries to build a roadmap of possible new data feeds.
Preferable Experience
At least 3 years of working experience.
Preferably prior work experience in a data-rich environment
Skills And Knowledge
Good knowledge of SQL. R or Python would be also beneficial.
Knowledge of MS Office Suite particularly Word, Excel, and PowerPoint.
Exceptional in mathematics and analytical skills.
Possess strong problems solving and critical thinking skills.
Sound knowledge of probability and statistics.
Ability to work independently and in a team environment.
Attention to detail and ability to work under pressure.
Education & Qualifications
Bachelors degree in Computer Science/ Mathematics/ Economics/ Statistics/ Electronics/Electrical Engineering or Physics",https://www.linkedin.com/jobs/view/3084215432/?eBP=JOB_SEARCH_ORGANIC&recommendedFlavor=SCHOOL_RECRUIT&refId=3jOhlHoe74bKS3bYyY3%2FLw%3D%3D&trackingId=ZVEvqjyZQYJsTNS%2B7ggrAw%3D%3D&trk=flagship3_search_srp_jobs,Data Analyst (Client Data Services),Afiniti
13,13,"Job Description Summary To further consolidate and strengthen our Wind Turbine & BOP Service and Maintenance teams in Pakistan (Jhimpir) , we are looking for a qualified and committed Senior Field Engineer (Site Lead) for our local operations. Job Description

Roles and Responsibilities
Ability to work independently on the implementation of fault analyses and repair of wind turbine generator systems & BOP in Pakistan and abroad, including clarification of any client queries.
Planned and preventive maintenance of wind turbine generator systems & BOP.
Documenting of call-out responses, fault finding and repair work in service reports, logbooks and checklists
Management and documentation of corporate processes and IT-applications
Communication with customers
Briefing of external service provider and suppliers on site
Complex and independent troubleshooting plus adequate documentation
Cross-departmental project works in-country and in foreign countries for the continuous maintenance & repair
Project works for the continuous improvement of products and processes
Assistance of the technical leader of the area
Support in the development of training concepts
Other tasks as directed by the superior
Assistance of the growth strategy in the service (e.g. construction of new service areas)
Substitution and assistance of the technical leader of the area especially regarding to the used tools/software and all other responsibilities
Specialist and contact person for technical components
Cross-departmental project works in-country
Management and documentation of corporate processes and IT-applications
Required Qualifications
Professional training in electrical engineering sector (electrician, power electronics system, mechatronic engineer).
Familiar with MS-Office operating system.
Familiar with PLCs.
High degree of quality awareness; excellent fault finding and diagnostic skills combined with the ability to detect and remedy faults, defects, problems.
Team player, cooperative, interested in further development.
Confident personality.
Able to work at heights and high level of physical fitness.
Structured worker with technical analytic abilities.
High degree of flexibility, highly motivated with the ability to work under pressure.
Willing to work sometimes also at the weekends.
Strong awareness for quality; Foresight in the identification and elimination of errors
Depth knowledge in the fields of control engineering, hydraulics, transmission, inverter, power electronics and general mechanics
Confident manner and willingness to take responsibility
Social skills and ability to motivate staff and performance assessment
Extensive knowledge in hardware and software configuration techniques
Excellent communication skills / experience in staff management
Farsightedness in detection and troubleshooting
Structured, business-oriented thinking and working and technical analytical skills
English spoken and written
Technician or minimum 5 years practical experience in the wind power sector
Strong understanding of global, cross-cutting themes / processes
Experience in customer communication
Additional Information

Relocation Assistance Provided: No",https://www.linkedin.com/jobs/view/3088251712/?eBP=JOB_SEARCH_ORGANIC&recommendedFlavor=SCHOOL_RECRUIT&refId=3jOhlHoe74bKS3bYyY3%2FLw%3D%3D&trackingId=Y6%2FYvGlBAxWLuYhZxIDoBw%3D%3D&trk=flagship3_search_srp_jobs,Site Lead,GE Renewable Energy
14,14,"Xgrid Full Stack Developers are skilled and talented professionals, who can design, deploy and test breakthrough software for clouds and data centers. You will enjoy being part of an extremely talented, motivated team interacting with both business and development counterparts to capture key marketing requirements and translate them to products designed for our customers. Moreover, you will be encouraged to become active in the open source communities. This will provide you a unique exposure of the entire ecosystem (involving technology, community, customers and partners) in the cutting-edge data center and cloud space.

The ideal Xgrid Full Stack Developer will have experience developing and delivering complex “enterprise grade” mission-critical automated systems for our data center and cloud customers. The successful candidate will be an enthusiastic self-motivator, which is an absolute MUST in a startup environment. They will have a high customer and product delivery orientation, with the ability to both understand the “big picture” issues AND to drill down to detail.

Job Description
Build efficient and reusable front-end abstractions.
Deliver a complete front end application.
Cooperate with other developers in the process of building RESTful APIs.
Participate in design and code reviews.
Interact with other team members to incorporate their innovations and vice versa.
Identify and communicate best practices for front-end and back-end engineering.
Use knowledge of software development and product feature integration in order to architect end-to-end solutions for our customers.
Design GUI that is user-friendly, operationally functional and visually appealing.
Have the ability to lead the entire feature lifecycle (from the design to the delivery phases) of applications and products. This includes:
Ability to define and review architecture, implementation and test specifications to ensure that the product architecture continues to meet high levels of scalability, resilience and fault-tolerance
Ability to execute the implementation specs with a team of engineers
Ability to drive the integration and automated testing (at unit, functional and scale granularities) efforts to ensure that the product meets the requisite production quality metrics.
Demonstrate designs using documents, flowcharts, layouts, diagrams.
Prepare any and all other regular and special documentation as needed.
Be involved in active discussions on open source community forums, code reviews, and proposing, implementing, and testing blueprints to design production-grade solutions for customers.
Investigate and analyze software issues.
Identify and address performance, scale, and other bottlenecks; and fix bugs in existing software.
Follow software development lifecycle processes.
Share team leadership responsibilities, including:
Mentoring, coordinating activities, improving engineering processes, inspiring and motivating others, working as a promoter of new ideas and technology solutions in virtualization, networking, and cloud space.
Job Specifications
BS or MS in Computer Science / Electrical Engineering or related technical field.
Proficient and passionate Angular / React, Typescript and NodeJS developer.
Experience in JavaScript / TypeScript Frameworks (Angular, React, etc.)
Expert knowledge of developing feature rich applications using web technologies: web front-end (Angular, React, HTML, SCSS/CSS, Javascript), Backend (NodeJS, Express Framework) is a must.
Advanced proficiency in MEAN Stack, MERN Stack, and Full Stack technologies.
Strong knowledge and design concepts of object-oriented programming/development and asynchronous JavaScript.
Ability to write high-performance, reusable code for UI components.
Creating self-contained, reusable, and testable modules and components.
Must have a strong grip on ReactiveX asynchronous programming and Observables (RxJS).
Experience in State Management frameworks/libraries. Redux, NgRx is a nice plus.
Advanced knowledge of NoSQL databases (MongoDB, Redis, Firebase).
Experience with building the infrastructure for serving the front-end application and assets.
Proficiency with Data visualization and charting tools/frameworks like HighCharts, AMCharts, Chart.JS and D3.JS is a huge plus.
Experience integrating Web Services and APIs (REST & SOAP) and websockets.
Proficiency in the following skills and technologies is preferred:
Test Driven Development
Continuous Integration/Delivery
DevOps
Thorough knowledge of software development best practices, including coding standards, code reviews, source control management, build process, continuous integration and continuous delivery.
Strong grip and proficient understanding of version control tools, such as git, mercurial, SVN, as well as experience with other development tools such as Jenkins and JIRA, etc.
Solid understanding of HTTP protocol and how server-side code is processed on the client.
Experience with webpack, grunt and other build tools is a plus.
Knowledge of authentication and access control principles.
Strong software debugging and problem solving skills.
Strong skills in information gathering and requirement documentation.
Quick learner and ability to adapt to customer-driven fast-paced development environments.
Aptitude to learn new bleeding-edge technologies.
Team player with outstanding collaboration and teamwork attitude.
Excellent written and verbal communication skills.
Excellent analytical and problem solving skills.
Experience working with Docker containers and AWS cloud environments is a plus.",https://www.linkedin.com/jobs/view/3083981772/?eBP=JOB_SEARCH_ORGANIC&recommendedFlavor=JOB_SEEKER_QUALIFIED&refId=3jOhlHoe74bKS3bYyY3%2FLw%3D%3D&trackingId=VTvzlwBV%2FF1zm%2F7HJ4gFvA%3D%3D&trk=flagship3_search_srp_jobs,Full Stack Developer,Xgrid.co
15,15,"PackageX modernizes logistics operations on a unified platform.

We believe logistics shouldn't be a black box. PackageX helps businesses to stop flying blind and relying on point solutions and outdated logistics systems that don't talk to each other. PackageX lets customers gain control of their logistics operations across shipping, tracking, storage, delivery, and receiving on a unified platform to improve efficiency, sky-rocket growth, and meet fast-changing end-customer expectations.

We're a seed stage tech startup based in New York City with a distributed global team. We’re backed by Sierra Ventures, Ludlow Ventures, MXV Capital, Pareto Holdings, and other strategic investors and angels.

We're always looking for talented humans who want to challenge the status quo and join us on the journey of building the future of logistics alongside us.

What we are looking for

You are smart, energetic, assertive, likable, and excellent at communication at all levels. You understand people, culture, and technology. You are a hustler. Passionate about being a difference-maker for others. Love startup culture. Open to rolling up your sleeves and work at all levels. Go above and beyond to make things happen.

You will
Work with the regional director to develop, supervise and mentor the AI team to achieve the company’s objectives.
Work with regional director to plan, prepare and execute the roadmap of current product using cutting edge tech stack.
Wear the customer hat, understand their pain points and agility to solve their problems with both speed and accuracy.
Help the team identify, challenge, and resolve problems in the way we currently develop technical capabilities.
Encourage the team to experiment with new ideas that engage our customers, help customers grow, and let us learn.
Stay aware of trends, tools, and technologies in the AI, NLP, OCR, and Computer Vision industry.
Partner closely with Design, Product Management, and other Engineering leaders within core product and across Pinterest to identify the highest-impact opportunities to accelerate the product and user experience.
Grow the team's capabilities through career development of the current engineers and strategic hiring.
Meet the coding style and standards requirements in python Pep 8, Flake 8, etc.
Position requires you to do 40-50% coding when required. You must be responsible for code. standardization, review, documentation, integrity, and security.
Create API/ Technical Documentations for different clients.

We are looking for someone who has
At least 3+ years of experience managing a team of at least five people.
At least 2 years of experience as Data Science, Analytics or ML Lead.
Master’s in computer science, Electrical Engineering, or any related fields (Statistics, Applied Math).
Understanding of Agile methodology and Scrum.
Demonstrated global work experience.
Demonstrated ability to manage complex programs.
Excellent verbal and written communication skills.
Understanding of Linux environment and deployment on the cloud is required.
Ability to read and implement research is required.
Proven ability to prioritize well, communicate clearly, and influence cross-functional teams.
Strong analytic skills, ability to use/develop data to drive decision making.
Strong people development skills and software project management skills.
Proven success launching complex software development projects that deliver high-impact outcomes.
Deep technical understanding of advanced areas of machine learning, deep learning, and data mining.
Fluency in at least one of the following deep learning frameworks Tensorflow/Pytorch/Keras.
Strong computer science fundamentals in algorithms and data structures.
Experience working with Cloud Amazon Web Services (AWS) / Google Cloud Platform (GCP).
Experience in the following modules is a plus (Big Query, Cloud Functions, Transfer Jobs, AWS Lambdas, AWS S3).
Experience designing and managing Analytics dashboards on Tableau.
Excellent understanding of databases and proficiency in either SQL/NoSQL.
Strong understanding of at least one area of deep learning i.e. Computer Vision, Sequence Modelling etc.
Participation & a good position in Kaggle Competitions would be a big plus.
Worked on any edge device i-e Nvidia Jetson Devices.
Worked towards optimizing code for at least one big AI-related project without compromising the accuracy.

Why choose us

We are a global team of hustlers who challenge status-quo to build something great and meaningful for the customers we serve. We strongly believe that our product innovation, speed to service/support, and partnership mindset sets us apart from the fragmented competition and available legacy systems. Our leadership, advisors, and investors have extensive experience in building, supporting, and scaling tech companies in logistics, retail, CRM, media, and consulting. We have got all it takes to build an enterprise of the future.

We are an equal opportunity employer, and we value diversity. We do not discriminate based on race, religion, color, national origin, gender, sexual orientation, age, marital status, veteran status, disability status, or any other legally protected status.",https://www.linkedin.com/jobs/view/3004809481/?eBP=JOB_SEARCH_ORGANIC&recommendedFlavor=JOB_SEEKER_QUALIFIED&refId=3jOhlHoe74bKS3bYyY3%2FLw%3D%3D&trackingId=75OS%2FBf5X4YxovtfwyGChA%3D%3D&trk=flagship3_search_srp_jobs,Lead ML & Data Science,PackageX
16,16,"Purpose
The position is responsible for Managing and Executing training programs majorly for G&T and HSE G&T functions at KE. This includes ensuring the initiation and implementation of sustainable long-term initiatives and partnering with HR/business leadership with the objective of meeting their learning needs within defined SOPs, Procedures & Objectives.

Program Management / Impact Assessment
To develop and execute learning & development agenda for Generation, Transmission & HSE G&T functions through proposed learning solutions that result in increased efficiency and effectiveness of the departments
To review technical content for Generation, Transmission & HSE G&T functions and select the best trainer suitable for the trainings.
To explore technical trainings externally as per the need of organization and suggest to the business for the suitable employees of G&T Functions
To review the return on investment in terms of impact of the programs.
To assist in training projects to the line Manager
Learning Partnering
To act as a learning partner for G&T Functions by connecting and aligning with HRBPs , business heads and CXO
To ensure KE’s G&T talent pool is well equipped to meet emerging challenges from a skill, behavior and mindset standpoint keeping KE’s Learning model (3E - Experience, Exposure & Education) intact
Digital Learning – Learning Technology

To develop and implement digitally enabled learning. That includes e-learning modules etc
GAP Analysis, Budgeting, Planning, Reporting
To analyze learning and developmental gap through LNA in coordination with HRBPs and Business
Devise individual learning plan as per LNA framework
To monitor learning budget for G&T functions to ensure maximum return on investment while partnering with finance and procurement
To review and analyze learning data and present to HRBPs and business leadership


Education
Minimum Education Requirement is Bachelors
Preferably: Bachelor’s degree in Electrical /Electronics /Mechanical Engineering.

Experience
2 years of relevant experience",https://www.linkedin.com/jobs/view/3103143687/?eBP=JOB_SEARCH_ORGANIC&recommendedFlavor=SCHOOL_RECRUIT&refId=3jOhlHoe74bKS3bYyY3%2FLw%3D%3D&trackingId=hc2yiaobFLYbUNgZodVMTA%3D%3D&trk=flagship3_search_srp_jobs,AM Learning,K-Electric
17,17,"We’re looking for a Lighting Specifications Manager to join our Professional Channel in Lahore.

Working for Signify means being creative and adaptive. Our culture of continuous learning and commitment to diversity and inclusion creates an environment that allows you to build your skills and career. Together, we’re transforming our industry.

As the world leader in lighting, we’re constantly ahead of the curve. Through our leadership in connected lighting and the Internet of Things, we’re breaking new grounds in data analytics, AI, and smart homes, offices, cities and more!

Signify is one of the few companies in the world to achieve carbon neutrality and our next sustainability goals are even bolder: doubling our positive impact on the environment and society by 2025.

As a Lighting Specifications Manager you’ll be responsible for growth of Signify's professional lighting solutions.

We’re on the lookout for forward-thinking innovators with a passion for sustainability. If you match this description, get in touch!

What You’ll Do
Managing and conducting lighting design surveys at customer/project sites.
Intensive usage and application of-lighting design software Lux Survey Reports Preparation.
Making Specifications for public tenders, projects (Indoor & Outdoor Lighting) -Developing and leading the LiAS team.
Drive and re-invigorate Signify's relationship with Consultants/Architects / Interior Designers for lighting design exploration.
Create awareness amongst the Consultant for Lighting Design Software like Dialux Evo & Calculux for accurate calculation.
Creating and presenting lighting design proposals for key Professional Lighting projects.
Working closely with Key Account Managers, Product Marketing to ensure a win-win value proposition for securing opportunities.
Your Qualifications
Minimum B.E. [Electrical Engineering] by qualification
MBA would be an added advantage
Minimum 6 years experience in a similar role
Work experience with specifiearchitects, consultants would be an added advantage.
What You’ll Get In Return…

We’re offering multiple opportunities for career development, like mentoring, coaching and stretch assignments, with strong international exposure for dynamic profiles. Learning is fundamental to our culture. Through continuous learning, we are transforming the industry. You have the chance to learn every day, acquire new skills and perspectives through customized online programs, and on-the-job experiences.

See #SignifyLife through the eyes of our employees!",https://www.linkedin.com/jobs/view/3072699625/?eBP=JOB_SEARCH_ORGANIC&recommendedFlavor=ACTIVELY_HIRING_COMPANY&refId=3jOhlHoe74bKS3bYyY3%2FLw%3D%3D&trackingId=fy429%2BFHsGVY4lIJgAxARQ%3D%3D&trk=flagship3_search_srp_jobs,Specifications Manager,Signify
18,18,"Posted by
Sameer Razaq
u-blox
Send InMail
Position:
The person will take part in developing physical layer of cutting-edge wireless communication systems. The job provides an opportunity to do highly challenging, interesting, and rewarding work with a global R&D team with excellent compensation & benefits and a good career path

Tasks:
Read and interpret 3GPP standards to derive requirements for physical layer blocks
Signal Processing Algorithms design against requirements and system constraints
Implement c-models in floating and fixed point
Identify use cases and devise testing strategy/API
Document design to support implementation in HW
Integration with other layers and support for debugging field issues
Maintain coding guidelines and quality standards.
Mentoring and coaching junior engineers.
Assists other team members on the job.
Profile
BSc/MSc degree in electrical engineering with focus on communication
Demonstrate strong interest in the digital (wireless) communications and DSP
Have sound grip over communication system and DSP concepts
Programming languages and tools: C, C+, MATLAB
Ability to work as a member of bigger projects. Flexible team player. Can lead a team of engineers.
Good analytical and problem solving skills.
Good English communication skills in speaking and writing
Typically 1+ years relevant experience
Should be able to fluently converse in English
Knowledge of 3GPP standards (3G/4G) is highly desirable",https://www.linkedin.com/jobs/view/3064773345/?eBP=JOB_SEARCH_ORGANIC&recommendedFlavor=SCHOOL_RECRUIT&refId=3jOhlHoe74bKS3bYyY3%2FLw%3D%3D&trackingId=e0C3ZWrM72m4sbiUYaMnMw%3D%3D&trk=flagship3_search_srp_jobs,Design Engineer PHY,u-blox
19,19,"Core responsibilities include:

Client Need Analysis
Support Sales team in the PQ process with new customers
Align inquiries to best suite INTECH Strengths
Support Sales in pursuit of strategy development
Maintain updated Master Proposal Data Bank
Identify prospective business domains and work with RSM & CM to develop relationships with new customers
Get feedback from RSM on a proposal submitted
Technically complied Proposal/Quotation Development within the deadline
Handover of projects from Sales to Operations
Knowledge Sharing within Organization
Standardization of Solutions and Quality Checks Implementation
Site Visit to customers when Required
Checking client PO against the proposal and commercial Terms
Complete review of the RFQs/ specifications and assessment of technical/commercial requirements for internal discussion. Produce related clarifications, for submission to the client.
Bid and proposal schedule planning as per provided deadline/ bid requirements
Good decision-making skills in the selection of suitable and cost-competitive design or products as per customer specifications from the products and solutions range of different OEMs like ABB, Siemens, Schneider, etc.
Propose the best electrical solution to customers. Discuss and get technical designs approvals from customers. (if required)
Propose technical improvements to customers during the bid stage which can possibly reduce price and result in value addition to the customer (the winning solution)

Requirements:

Professional Qualification: Bachelor’s/Master’s degree in Engineering (Electrical/Electronics)
Training Certifications: ETAP, DIG Silent, PSSE, or similar
Leadership Experience: Prior management or team leadership experience is highly desired.
Professional Experience: 6+ years
Practical experience in design and development of electrical system solutions
Comprehensive knowledge of Electrical & Power automation products and solutions
Good understanding of internal components used in multiple types of switchgear and control gears up to 33KV
Design / Selection experience of at least any two of the major Electrical Switchgear Brands (Schneider, ABB, Eaton, SIEMENS, etc.)
Good understanding of digital infrastructure deployment in MV & LV SWGR’s
Good knowledge of load estimation, heat dissipation calculations, short circuit calculations, arc flash and evaluation, busbar sizing, Bus ducts type and selection, IP and IK ratings for SWGRs
Understanding of GA drawings creation, review & switchgear construction
Experience in developing an integrated electrical building (E-House) solution with BOM comprising of Switchgears, VFDs, UPS, Distribution Boards along with all accessories like Lighting, Earthing, Cable Trays, HVAC / Air Conditioning, Fire & Gas System, Fire Suppression System, etc.
Expertise in AC / DC UPS sizing calculations, design, and selection
Good understanding of HVAC sizing calculations, design, and selection
Good knowledge of software-based power system analysis (like Relay coordination, Power flow analysis, Arc flash analysis, etc.)
Good understanding of control system hardware design (Panel design/ wiring drawings etc.)
Prior experience with building sizing & structural calculations/assessment will be considered a plus
We are versed with the IEC, IEEE, NFPA, NEC & UL standards applicable to electrical and automation infrastructures.
Good understanding of best practices used in industry for electrical solutions
Practical experience in handling large EPC scale projects design and tendering
Good capability of documents management and good reading skills
Hands-on experience in using multiple design tools from different OEM’s which can help in pre-bid designing.
Understanding of Oil and gas standards and their implementation. (NFPA, FM, UL, CE Marks, API, IEC standards)
Detailed knowledge of Hazardous areas applications and equipment selection",https://www.linkedin.com/jobs/view/3021913404/?eBP=JOB_SEARCH_ORGANIC&recommendedFlavor=SCHOOL_RECRUIT&refId=3jOhlHoe74bKS3bYyY3%2FLw%3D%3D&trackingId=dZ51lHO%2BL7aLupaOKIKxsg%3D%3D&trk=flagship3_search_srp_jobs,Lead Solution Architect - Electrical,INTECH Process Automation
20,20,"Xgrid Mobile App Developers are skilled and talented professionals, who can design, develop, deploy and test breakthrough mobile applications. You will enjoy being part of an extremely talented, motivated team interacting with both business and development counterparts to capture key marketing requirements and translate them to products designed for our customers. Moreover, you will be encouraged to become active in the open-source communities. This will provide you unique exposure to the entire ecosystem (involving technology, community, customers, and partners) in the cutting-edge data center and cloud space.

The ideal Xgrid Mobile App Developer will have experience developing and delivering complex “enterprise-grade” mission-critical mobile applications for our data center and cloud customers. The successful candidate will be an enthusiastic self-motivator, which is an absolute MUST in a startup environment. They will have a high customer and product delivery orientation, with the ability to both understand the “big picture” issues AND to drill down to detail.

Job Requirements
Design and Develop Mobile Applications using Flutter framework.
Ensure that the performance & quality of developed applications meet industry standards.
Cooperate with other developers in the process of building mobile applications
Participate in design and code reviews
Interact with other team members to incorporate their innovations and vice versa
Identify and communicate best practices for mobile application development.
Use knowledge of software development and product feature integration in order to architect end-to-end solutions for our customers.
Have the ability to lead the entire feature lifecycle (from design to delivery phases) of mobile applications and products. This includes:
Ability to define and review architecture, implementation and test specifications to ensure that the product architecture continues to meet high levels of scalability, resilience and fault-tolerance;
Ability to execute the implementation specs with a team of engineers; demonstrated knowledge of coding modules;
Ability to drive the integration and automated testing (at unit, functional and scale granularities) efforts to ensure that the product meets the requisite production quality metrics.
Demonstrate designs using documents, flowcharts, layouts, diagrams
Prepare any and all other regular and special documentation as needed.
Be involved in active discussions on open source community forums, code reviews, and proposing, implementing, and testing blueprints to design production-grade solutions for our customers.
Investigate and analyze software issues.
Identify and address performance, scale, and other bottlenecks; and fix bugs in existing software.
Follow software development lifecycle processes.
Share team leadership responsibilities, including:
Mentoring, coordinating activities, improving engineering processes, inspiring and motivating others, working as a promoter of new ideas and technology solutions in virtualization and networking space.
Job Qualifications
BS or MS in Computer Science / Electrical Engineering or related technical field
Have two or more iOS/Android apps developed with Flutter. Either deployed on the AppStore/Google Play or available on Github.
Proficient in multiple state management systems i.e. BLOC, Provider, Riverpod, GetX
Experience in Swift (Objective C is a plus) and/or Android SDK (Kotlin)
Experience in developing web, windows and mac applications with Flutter is a plus.
Have a good understanding of the design patterns e.g. MVC, MVP, MVVM, VIPER.
Familiarity with REST APIs to connect mobile applications to back-end services.
Familiarity with Networking, Camera, Offline storage and Maps SDK.
Understanding of iOS/Android design principles and interface guidelines.
Familiarity with local and push notifications.
Experience with third-party libraries and APIs.
Experience with offline storage, threading, and performance tuning.
Experience with Beta, Enterprise, App store and Playstore distribution.
Experience with unit tests and architecting testable code.
Proficiency in the following skills and technologies is preferred:
Test Driven Development
Continuous Integration/Delivery
Strong grip and proficient understanding of version control tools, such as git, mercurial, SVN, as well as experience with other development tools such as Jenkins and JIRA, etc.
Thorough knowledge of software development best practices, including coding standards, code reviews, source control management, build process, continuous integration and continuous delivery.
Strong software debugging and problem solving skills.
Strong skills in information gathering and requirement documentation.
Quick learner and ability to adapt to customer driven fast-paced development environments.
Team player with outstanding collaboration and teamwork attitude.
Excellent written and verbal communication skills.
Excellent analytical and problem solving skills.
Aptitude to learn new bleeding-edge technologies.
Benefits
Work with a global clientele of established industry leaders
Exceptionally passionate, talented, and engaging colleagues
Build large scale, innovative systems for mission-critical usage
High-energy atmosphere of a young company, competitive compensation package with a strong benefits plan
Freedom for creativity and personal growth
Lots of video games, team outings, and fierce ping pong and billiard battles
Paid Time Offs, flexible hours, and medical insurance for you and your family
Mobile and Internet Allowance
Travel Allowance
Catered lunches, plus a fully stocked kitchen
All Xgrid team members are proactive team players, respectful of our colleagues and customers. We have the embedded understanding that individual success comes only from team success. Team success is a product of Xgrid customer success.",https://www.linkedin.com/jobs/view/3105385158/?eBP=JOB_SEARCH_ORGANIC&refId=3jOhlHoe74bKS3bYyY3%2FLw%3D%3D&trackingId=95P9KhnMt%2FAiS3wpH2GsNg%3D%3D&trk=flagship3_search_srp_jobs,Flutter Developer,Xgrid.co
21,21,"Posted by
Sameer Razaq
u-blox
Send InMail
The person will be an enabler for developing cutting edge wireless communication embedded software. The job provides an opportunity to do highly challenging, interesting work in a global R&D team with excellent compensation & benefits and a good career path

Tasks:
Architecture, design and development of software for real-time embedded systems using C/C++.
Analyze the requirements and tool specifications to help in defining a detailed development and test plan
Embedded software porting, performance analysis and optimizations using advanced development tools (IDE compilers, debuggers, target trace).
Debugging and troubleshooting to identify the problematic implementation
Build and maintain profiling tools for CPU and memory
Assist in the definition and verification phase of associated software functionality
Analyze feedback or nonconformities, provide workarounds or develop bug fixes
Responsible for the functionality and quality of some of the software
Maintain build environment, debug and development tools
Maintain and improve coding guidelines, quality standards and development process
Reporting to line manager and sub-project manager on activities
Mentoring and coaching of junior engineers
May lead a team of engineers to accomplish the desired target(s)
Profile
BSc/MSc degree in electrical engineering, computer science/electrical engineering, computer science/electronics
Demonstrate strong interest in the digital (wireless) communications sector
Real-time operating system based on ARM architecture
Programming languages and tools: C, C++, Python
Excellent debugging skills in Visual Studio
Previous experience of development in Cross Platform Frameworks like mbed, Arduino is a plus
Ability to work as a member of bigger projects. Flexible team player. Can lead a team of engineers.
Excellent analytical and problem-solving skills.
Good English communication skills in speaking and writing
Typically, 7-10 years relevant experience of software development
Working knowledge of wireless protocols such as 5G NR, 4G LTE, WiMax, WiFi is highly desirable",https://www.linkedin.com/jobs/view/3064768740/?eBP=JOB_SEARCH_ORGANIC&recommendedFlavor=SCHOOL_RECRUIT&refId=3jOhlHoe74bKS3bYyY3%2FLw%3D%3D&trackingId=Bc%2Bj9TKexPAx7%2FjKN7aSLA%3D%3D&trk=flagship3_search_srp_jobs,Staff Engineer Validation,u-blox
22,22,"DESCRIPTION:

Are you ready to unleash your technical creativity? Innovation is the driving force behind everything we do at P&G. Across the world, you will find thousands of scientists, engineers and developers working in manufacturing plants, innovation centers and distribution facilities. You’ll be in the ideal place to work on ground-breaking improvements related to the manufacturing and processing of our leading products with smart, connected technologies driving the 4th industrial revolution. Our aim is to ignite your potential and equip you to enhance the capability, safety, and productivity of all our systems while reducing cost and boosting sustainability. Your role as a process engineer: you will typically start as a technical engineer working with a broad range of processing equipment with specific responsibilities from day 1 on a key project that will involve the following

design and evaluate technical options for achieving business objectives
study technical feasibility using high end computer modelling and simulation.
lead economic evaluations and consultations with manufacturing, research & development and other contributing groups.
design, develop and procure new processing equipment.
develop and conduct acceptance tests on equipment purchased from vendors.
lead new equipment commissioning in the production plants and train the production teams.
solve equipment problems working closely with production staff on new or existing operations. Your first assignment gives you the chance to contribute with your engineering skills to the business from day 1, while developing your leadership skills. You have clear responsibilities that stretch your technical abilities. You will work in professional and entrepreneurial multi-functional teams while receiving valuable mentoring as well as functional and corporate trainings.

Your Role as a Process Engineer:

You will typically start as a Technical Engineer working with a broad range of processing equipment with specific responsibilities from day 1 on a key project that will involve the following working closely with production staff on new or existing operations.

Design and evaluate technical options for achieving business objectives
Study technical feasibility using high end computer modelling and simulation.
Lead economic evaluations and consultations with Manufacturing, Research & Development and other contributing groups.
Design, develop and procure new processing equipment.
Develop and conduct acceptance tests on equipment purchased from vendors.
Lead new equipment commissioning in the production plants and train the production teams.
Solve equipment problems

Your first assignment gives you the chance to contribute with your engineering skills to the business from day 1, while developing your leadership skills. You have clear responsibilities that stretch your technical abilities. You will work in professional and entrepreneurial multi-functional teams while receiving valuable mentoring as well as functional and corporate trainings.

WHAT WE LOOK FOR:

Recent Graduate in one of the following engineering majors: Mechanical, Electrical, Electronics, Industrial, Mechatronics or any relevant engineering degree with 1 – 4 years of relevant experience (preferred).
In addition to good knowledge of English, we also look for skills such as technical curiosity, creativity, innovation, initiative, communication, leadership, and the ability to work with others.

WHAT WE OFFER:

A wide range of CHALLENGING ASSIGNMENTS in one of the most influential companies in the world. We don’t just offer a job; we offer a career with varying assignments and lots of development opportunities

an opportunity for you to develop and deliver STATE OF THE ART TECHNOLOGIES supported by multi-million capital investments.
TRAVEL OPPORTUNITIES to the project locations to see your design come to life
CONTINUOUS COACHING – you will work with passionate people and receive both formal training as well as day-to-day mentoring from your coach and manager
DYNAMIC AND RESPECTFUL INTERNATIONAL WORK ENVIRONMENT – employees are at the core, we value every individual and encourage initiatives, promoting agility and work/life balance.
a COMPETITIVE COMPENSATION PACKAGE , in line with your qualifications and experience.

JUST SO YOU KNOW:

We are an equal opportunity employer and value diversity at our company. Our mission of diversity and inclusion is: “everyone valued. Everyone included. Everyone performing at their peak”.

Qualifications

Recent Graduate in one of the following engineering majors: Mechanical, Electrical, Electronics, Industrial, Mechatronics or any relevant engineering degree with 1 – 4 years of relevant experience (preferred).
In addition to good knowledge of English, we also look for skills such as technical curiosity, creativity, innovation, initiative, communication, leadership and the ability to work with others.",https://www.linkedin.com/jobs/view/3074314646/?eBP=JOB_SEARCH_ORGANIC&recommendedFlavor=ACTIVELY_HIRING_COMPANY&refId=3jOhlHoe74bKS3bYyY3%2FLw%3D%3D&trackingId=D7o3yuYk5L5vjZ8qzTNi9w%3D%3D&trk=flagship3_search_srp_jobs,Process Engineer,Procter & Gamble
23,23,"Posted by
M. Shahmeer Amir
3rd Bug Hunter | Cyber Security Advisor GOP |Top 10 Hacker MS/FB | M.Sc InfoSec | Ph.D Blockchain | Engineer | Ironman Enthusiast | CTO | Building Apps for the 22nd Century | Consulting CISO to help secure your Company
Send InMail
The Senior WebRTC C++ Software Engineer, Research & Development position is responsible for researching, prototyping, developing, and testing new technologies and concepts. The engineer implements proof of concepts and helps to craft requirements and design. This position participates in an agile development process to implement new production ready software, or new features to existing software. The focus is mainly on native WebRTC client applications for iOS, Android. As a Senior C++Software Engineer, you will design, develop, maintain, and support software components and common functionality for distributed computational lithography applications.

Role and responsibilities
Design, development, and maintenance of large scale distributed computing software infrastructure and integration with applications and user interfaces
Design, development, and maintenance of platform modules and common functionality for computational lithography applications.
Design, development, and maintenance of a scripting front-end to drive platform and application modules.
Analyze and improve performance and efficiency characteristics of platform components used with the applications.
Work with the system and application product engineering groups to define new common functionality and diagnose problems.
Other duties as assigned
Job description subject to change at any time
Education and experience
·BS/MS in Computer Science, Electrical Engineering or related discipline
·3 years or more experience in C/C++ software development in a commercial setting.
·Knowledge in parallel or multi-threaded (pthreads) programming.
·Experience with Linux network programming (TCP/IP service).

Skills
Working at the cutting edge of tech, you’ll always have new challenges and new problems to solve – and working together is the only way to do that. You won’t work in a silo. Instead, you’ll be part of a creative, dynamic work environment where you’ll collaborate with supportive colleagues. There is always space for creative and unique points of view. You’ll have the flexibility and trust to choose how best to tackle tasks and solve problems.
To thrive in this job, you’ll need the following skills:
·Must be able to manage multiple activities in a dynamic environment.
·Must be able to present ideas and opinions clearly and support opinions with factual knowledge.
·Experience with the complete software development process: requirements documentation, design documentation, functional specification, coding, test plans, etc.
·Knowledge of and experience with system and application performance tuning.
·Knowledge of and experience with large scale software debugging and troubleshooting.
·Can learn and apply new information or skills.
·Ability to complete assignments with attention to detail and high degree of accuracy.",https://www.linkedin.com/jobs/view/3099479223/?eBP=JOB_SEARCH_ORGANIC&refId=3jOhlHoe74bKS3bYyY3%2FLw%3D%3D&trackingId=ewp%2BhCcqg0NRTciQsR2rJQ%3D%3D&trk=flagship3_search_srp_jobs,C++ Developer,Younite Limited
24,24,"Join Barrick at Reko Diq, Pakistan.

Barrick is a multinational mining company with 9 operating Gold Mines, 3 Copper Mines together with various exploration sites across the global.

Our Reko Diq Greenfields Copper project will be one of the largest Copper Mining operations in the world and we are searching for best-in-class people to join us.

This is a remote site location within the desolate areas of Balochistan.

Being Part Of The Project Team And Reporting Into The Engineering Manager - We Are Searching For a Project Engineer - Electrical To

Lead electrical engineering design of the Reko Diq project from feasibility through to project implementation.

Functions / Responsibilities
Management of early stage works for site establishment
Deliver supply input requirements to enable contract tender and management
Feasibility study leadership working with engineering partner for;
Design specifications review and approval
Equipment specifications and option selection
Constructability and maintainability reviews
Power supply options including potential integration with existing in country systems
Implement renewable power source data collection (wind and solar) to enable deign and selection
Develop project plans, schedules and sequencing for relevant project elements to ensure proper planning of all civil related aspects of the project work
Drive value opportunities and quality review through detailed design and project implementation;
Role will report to the Engineering Manager as one of a team of engineering disciples
Skills / Qualifications
Degree in Electrical Engineering
Experience working on project scoping and design of major infrastructure / facility projects
Experience with renewable power design and integration
Experience working on major infrastructure / facility construction
Experience defining design specifications based on site conditions
Experience working in Pakistan
Barrick - becoming the world’s most valued gold and copper mining business.

Job

Capital Projects

Primary Location

Pakistan-Balochistan-Reko Diq

Unposting Date

Ongoing",https://www.linkedin.com/jobs/view/3072097324/?eBP=JOB_SEARCH_ORGANIC&recommendedFlavor=ACTIVELY_HIRING_COMPANY&refId=3jOhlHoe74bKS3bYyY3%2FLw%3D%3D&trackingId=A91sdyJI6xpS7YRLY4htaA%3D%3D&trk=flagship3_search_srp_jobs,Reko Diq - Project Engineer - Electrical,Barrick Gold Corporation
